"Topic","Potential Customer","Est. Revenue","Actual Close Date","Description"
"Contoso Industrial Q3 Automation Upgrade","Contoso Industrial","285000","2025-09-15","The procurement team at Contoso Industrial requested a 22% discount after receiving a competing quote from TechForge Solutions. Our proposal was $285,000 for a full conveyor automation upgrade; TechForge came in at $221,000 for a comparable system. The CFO placed a spending cap of $240,000 mid-evaluation and declined to escalate for budget exception approval. Multiple follow-up calls with the operations director confirmed the decision was purely cost-driven and not related to technical fit. A flexible payment schedule or phased delivery model was never proposed by our rep."
"BlueStar Components Stamping Line Modernization","BlueStar Components","172000","2025-08-22","BlueStar Components compared our stamping line modernization quote to two competing vendors during a formal RFP process. Our quote of $172,000 was the highest of three submitted. The plant manager noted in post-loss feedback that our per-unit component pricing was 15% above market rate for comparable tolerance specifications. The finance committee had already pre-approved a budget of $145,000 and was unwilling to revisit despite our technical advantages. No attempt was made to restructure the deal around a phased rollout or a maintenance-inclusive package."
"Summit Engineering Hydraulic Press Control System","Summit Engineering","134500","2025-07-10","Summit Engineering evaluated three vendors for a hydraulic press control system replacement across their two production lines. Our solution was technically preferred by the engineering team but was $34,000 higher than the next-best option from ProControl Inc. The VP of Operations confirmed in a post-deal debrief that the decision came down entirely to price after both systems passed the technical evaluation stage. The rep did not explore a leasing or service-contract bundle that could have reduced the upfront cost. Similar deals in the mid-market segment have been won when we introduced a 24-month maintenance contract that effectively lowers the perceived acquisition cost."
"Apex Manufacturing Safety Systems Refresh","Apex Manufacturing","98700","2025-10-05","Apex Manufacturing facilities team initiated a competitive bid for a safety interlock and emergency stop system refresh across three facilities. Our bid was $98,700 against a competing bid of $79,500 from NovaMfg Systems. The site safety manager was supportive of our solution but the corporate procurement team overruled based on price alone. Notes from the final meeting indicate the procurement lead had a standing policy of awarding to the lowest compliant bidder for safety system replacements under $100,000. A bundled multi-site pricing structure was not proposed and may have brought the per-facility cost below the competitor."
"Vertex Industrial CNC Retrofitting Project","Vertex Industrial","210000","2025-11-18","Vertex Industrial issued an RFP for CNC retrofitting across eight machining centers in their precision parts division. Our proposal at $210,000 included full installation calibration and a one-year support contract. The competing offer from TechForge Solutions was $178,000 with installation only and no support included. Despite the rep highlighting the total cost of ownership difference the plant director chose based on initial outlay. Post-loss conversations revealed that Vertex budget was fixed at $180,000 and had not been communicated to us during the bidding process. Earlier budget qualification would have allowed us to restructure the proposal."
"Meridian Fabrication Production Line Automation","Meridian Fabrication","325000","2025-06-30","Meridian Fabrication conducted a six-month evaluation of production line automation vendors before selecting TechForge Solutions over our proposal. TechForge had an existing relationship with Meridian parent company from a prior deployment at their Ohio facility and leveraged that reference aggressively during the evaluation. Our system was rated higher in the technical assessment but Meridian CTO cited familiarity and reduced integration risk as the deciding factors. The rep did not identify the parent-company relationship until late in the sales cycle missing the opportunity to pre-empt the reference advantage. TechForge modular pricing also allowed Meridian to start with a smaller initial deployment and expand later."
"Phoenix Systems Robotic Assembly Integration","Phoenix Systems","445000","2025-09-28","Phoenix Systems selected Apex Industrial for their robotic assembly line integration project following a three-vendor shortlist evaluation. Apex Industrial offered a purpose-built robotic cell specifically designed for Phoenix product geometry while our proposal relied on a configurable general-purpose platform. The engineering team at Phoenix consistently raised concerns about our longer setup and calibration timeline compared to Apex out-of-the-box fit. Post-loss feedback from the project engineer indicated that Apex solution required 40% less integration time which was a critical factor given Phoenix planned production ramp schedule. Our rep engaged primarily with the procurement team and had limited access to the engineering decision-makers throughout the sales process."
"Crestline Solutions Conveyor Control Upgrade","Crestline Solutions","187500","2025-08-14","Crestline Solutions replaced their legacy conveyor control system using NovaMfg Systems rather than our proposed solution. NovaMfg had previously installed the original control infrastructure at Crestline eight years ago and retained detailed system documentation. Our proposal required a full system audit and a longer transition period due to incomplete documentation of the existing installation. The maintenance director at Crestline specifically noted that NovaMfg ability to upgrade in-place without a full rip-and-replace was the primary differentiator. The deal might have been recoverable if we had identified the installed-base advantage earlier and proposed a hybrid migration path that worked within the existing NovaMfg framework."
"Harbor Industrial Pneumatic Systems Overhaul","Harbor Industrial","156000","2025-07-25","Harbor Industrial awarded their pneumatic systems overhaul to ProControl Inc following a two-vendor final evaluation. ProControl proposed an outcome-based pricing model where payment was tied to demonstrated uptime improvement targets rather than a fixed project fee. Our proposal was a standard fixed-cost contract with no performance guarantee. Harbor operations VP stated in post-loss feedback that the risk-transfer structure of ProControl offer was highly attractive given Harbor history of capital project overruns. Our sales team had no equivalent flexible commercial model to offer and was unable to get internal approval for a performance-linked contract structure in time for the close deadline."
"Alpine Precision Quality Control Integration","Alpine Precision","203000","2025-10-20","Alpine Precision required integration between our quality control vision system and their existing SAP MES layer. Our standard integration module supports SAP S/4HANA but Alpine was running a legacy SAP ME 6.1 environment with significant customizations. The technical evaluation confirmed a six-month custom development effort would be needed to achieve the required data exchange. Alpine engineering lead decided the integration risk and timeline were unacceptable for their Q1 production deadline. A partner-delivered custom integration was proposed but Alpine IT team had a policy against third-party middleware in production quality systems."
"Nexus Engineering Emissions Monitoring System","Nexus Engineering","89000","2025-09-10","Nexus Engineering required an emissions monitoring system certified to EU Machinery Directive 2006/42/EC with specific documentation outputs for their German facility audit compliance. Our standard product is certified to OSHA and ANSI standards but lacks the EU CE marking documentation required for Nexus regulatory submission. The compliance officer at Nexus confirmed this was a hard requirement with no flexibility. A CE-certified variant of our system exists in the product roadmap but was not available within Nexus procurement window. The rep was unaware of the EU certification gap until the technical review stage at which point the decision had effectively already been made."
"Cascade Manufacturing Predictive Maintenance Platform","Cascade Manufacturing","167000","2025-11-05","Cascade Manufacturing evaluated our predictive maintenance platform against their requirement for sub-10ms vibration sensor polling intervals across 200 monitoring points. Our platform polls at 50ms intervals which exceeds the tolerance for the bearing wear detection application Cascade reliability engineering team had designed. The technical gap was identified during a proof of concept and no engineering workaround was available within the evaluation period. Cascade selected a specialized condition monitoring vendor whose hardware was purpose-built for high-frequency vibration analysis. The rep had qualified the account on budget and timeline but had not validated the polling interval requirement against product specifications before beginning the POC."
"Delta Works Fluid Control Automation","Delta Works","241000","2025-06-15","Delta Works required a fluid control automation system compatible with their existing Siemens S7-1500 PLC infrastructure. Our automation platform uses proprietary communication protocols that require a gateway adapter for Siemens integration. Delta automation engineer raised interoperability concerns during the second demonstration noting that gateway adapters had caused latency issues in a prior project at another facility. Our systems integration team confirmed the gateway would introduce 80-120ms additional latency in closed-loop control sequences which exceeded Delta process control tolerances. A native Siemens-compatible solution was not available in our portfolio."
"Ironwood Industries Facility-Wide Safety Upgrade","Ironwood Industries","512000","2025-12-01","Ironwood Industries initiated a facility-wide safety system upgrade with a nine-person capital approval committee that required three separate executive presentations before a decision could be reached. The evaluation ran from January 2025 to December 2025 across four vendors. By the time Ironwood procurement process reached final approval their allocated capital budget had been partially redirected to an emergency facility repair. The remaining budget was insufficient for the full scope and Ironwood chose a smaller in-house patch rather than a vendor-supplied upgrade. Our rep maintained consistent engagement throughout but was unable to influence the internal approval structure or protect the budget allocation."
"Sterling Manufacturing Automated Welding Cell","Sterling Manufacturing","378000","2025-10-30","Sterling Manufacturing automated welding cell project required sign-off from plant operations corporate engineering and the parent company procurement board in Germany. The three-tier approval process added five months to the expected sales cycle. During the extended evaluation TechForge Solutions engaged directly with the German procurement board and secured a preferred vendor relationship at the parent company level. By the time our local contact restarted the approval process following a summer procurement freeze TechForge had already been approved as the preferred vendor for all welding automation projects across the parent company North American facilities. Stakeholder mapping at the parent-company level was not conducted until too late in the cycle."
"Pinnacle Corp ERP-Connected Production Monitoring","Pinnacle Corp","143000","2025-08-08","Pinnacle Corp production monitoring project was delayed by an internal IT governance review triggered when the project was reclassified from operational expenditure to capital expenditure requiring board-level approval. The reclassification occurred midway through the evaluation when the IT team recategorized the software subscription component. The approval delay extended the sales cycle by four months and the assigned sales rep left the company during this period. The replacement rep was not briefed on the account history and re-initiated early-stage discovery calls with stakeholders who had already been through a full technical review damaging trust with the procurement team. The account ultimately selected a smaller vendor with a simpler commercial structure that remained in the OpEx classification."
"Granite Solutions Hydraulic Press Replacement Program","Granite Solutions","289000","2025-07-20","Granite Solutions hydraulic press replacement program was placed on hold twice during the evaluation period due to internal reorganizations in their manufacturing division. The project sponsor changed three times over a fourteen-month evaluation requiring the rep to re-establish relationships and re-present the proposal at each transition. The final decision-maker who joined Granite six weeks before the close date had an existing relationship with Apex Industrial from a prior role and requested a final competitive bid that reset the evaluation timeline. Our rep was unable to secure a preferred position with the new sponsor before the final bid round closed."
"Coastal Dynamics Control Panel Upgrade","Coastal Dynamics","76500","2025-05-30","Coastal Dynamics requested a revised proposal with updated cable routing specifications on a Monday and indicated they needed a response by Wednesday to meet their internal approval deadline. Our technical team was unable to produce the revised drawings within 48 hours due to a backlog in the applications engineering queue. Coastal Dynamics accepted a less technically capable proposal from a local integrator who provided a same-day revision. Post-loss feedback from Coastal facilities manager confirmed that our original solution was preferred but the response time gap made the risk of continued evaluation too high. Internal SLA for proposal revisions was four business days which was incompatible with this customer buying timeline."
"Redwood Manufacturing Assembly Line Sensors","Redwood Manufacturing","54000","2025-09-05","Redwood Manufacturing plant engineer sent three follow-up emails over six weeks requesting a delivery timeline confirmation for assembly line sensor kits. The inside sales team did not respond to the third email. Redwood purchasing coordinator called a competing distributor and placed the order within the week. The rep was unaware the account had gone dark until reviewing the CRM activity log during a quarterly pipeline review. CRM notes show the last rep-initiated contact was 42 days before the close date. Redwood purchasing coordinator noted they would consider us again but needed confidence in responsiveness before committing to a larger project."
"Pacific Industrial Maintenance Contract Renewal","Pacific Industrial","112000","2025-10-25","Pacific Industrial annual maintenance contract expired in July 2025. The renewal proposal was not sent until August 19 seven weeks after expiry. During the gap Pacific procurement team solicited competing quotes and received a proposal from NovaMfg Systems within three business days. NovaMfg proposal included a 15% multi-year discount that our renewal quote did not address. Pacific chose NovaMfg for the renewal and cited both the proactive outreach and the pricing structure as deciding factors. Internal CRM renewal alerts had fired in May but were assigned to a territory rep who was on extended leave and no coverage assignment was made."